id,prediction
1,8988029
2,4086917
3,5184743
4,4812981
5,6100735
6,9698037
7,5740327
8,8461918
9,5268258
10,4569717
11,16910173
12,8589825
13,7588611
14,6037848
15,20363291
16,5748260
17,6227154
18,4243582
19,6854026
20,4602510
21,7759788
22,7357622
23,8432878
24,5919700
25,6289297
26,8599421
27,12867100
28,5560643
29,4789989
30,4210547
31,7148680
32,4579566
33,6622041
34,5111561
35,13370501
36,4205455
37,3978970
38,7599779
39,6569831
40,7109254
41,7398089
42,3045641
43,6003895
44,5589273
45,5442487
46,5784798
47,7639661
48,5889493
49,6324005
50,5091367
51,18409340
52,7816578
53,16284765
54,10980298
55,10163836
56,5624830
57,3786960
58,5027133
59,13119939
60,6412041
61,5252997
62,4189391
63,6022871
64,6804208
65,4452672
66,12075995
67,6699610
68,4915608
69,8574272
70,8924634
71,9303307
72,4450767
73,6220377
74,1925115
75,6595827
76,4769071
77,4196511
78,13847908
79,3454256
80,5629867
81,6079618
82,6693567
83,5916081
84,4051321
85,7008266
86,10297342
87,7704528
88,4020184
89,6731951
90,5369411
91,4476355
92,8037509
93,7507012
94,13271784
95,3419538
96,3972336
97,5201687
98,8397520
99,5624840
100,7599229
101,5002830
102,5744424
103,5993594
104,5181664
105,6374515
106,7931417
107,6326345
108,5707597
109,7020748
110,4380354
111,5181713
112,4547315
113,6656975
114,5482600
115,5295369
116,5838452
117,5128054
118,6174504
119,5468028
120,12060041
121,5609350
122,5253174
123,6271185
124,2954489
125,5112489
126,5487878
127,5195029
128,5981898
129,3783308
130,4312663
131,7107824
132,7537877
133,4549201
134,5389291
135,6864145
136,5451533
137,6532108
138,5697863
139,4683205
140,10964891
141,6741268
142,12072478
143,5971919
144,4572234
145,6981182
146,8242318
147,5845025
148,5238596
149,6260181
150,6768990
151,6198778
152,5845933
153,6125087
154,3602232
155,6710157
156,5741145
157,5535255
158,5325811
159,6363891
160,6483837
161,8823421
162,5455918
163,7030660
164,7806990
165,5992290
166,4588506
167,11118525
168,5381487
169,5747664
170,7453905
171,7217707
172,5458568
173,2070156
174,6017439
175,9917160
176,26577246
177,7958357
178,5795797
179,5758080
180,3377555
181,4575050
182,7965280
183,5826646
184,7326302
185,4931002
186,11788562
187,6023079
188,4113718
189,3673890
190,4351831
191,7049247
192,6200086
193,5821135
194,7512274
195,6966904
196,5527769
197,5412228
198,7387847
199,4898885
200,10516793
201,4172234
202,2330572
203,5308712
204,6357868
205,4832468
206,6759995
207,7924169
208,6236578
209,4747885
210,4925472
211,9511255
212,6234919
213,5971712
214,7461309
215,8304738
216,6213022
217,5679662
218,8794205
219,18458185
220,17186817
221,5673974
222,15189545
223,8273368
224,5501851
225,5725183
226,8677137
227,18313685
228,4931498
229,8478055
230,7317907
231,8253908
232,15105090
233,5280369
234,5435843
235,10743356
236,5569051
237,16074709
238,6935413
239,3977024
240,6060786
241,8909535
242,6457066
243,20500462
244,10000067
245,5974257
246,6568056
247,3679419
248,6428251
249,4584550
250,4826199
251,3916323
252,5759871
253,7466355
254,8509577
255,4198233
256,5485113
257,4194281
258,12989100
259,5274331
260,7938693
261,6737879
262,5142875
263,7059685
264,3155127
265,5608127
266,9945578
267,7655187
268,5148699
269,7119398
270,5257821
271,6689975
272,5165387
273,7004859
274,4169422
275,12159509
276,47018495
277,3650513
278,5727753
279,6954590
280,5433159
281,5457015
282,7103812
283,14929725
284,8666706
285,6273285
286,5895965
287,35918414
288,3051114
289,31901414
290,7599783
291,8330527
292,6508004
293,5594409
294,5779291
295,5031519
296,6070448
297,7611475
298,3935938
299,5910145
300,3913158
301,5091572
302,5955228
303,10882603
304,5985277
305,3861982
306,6362568
307,4465732
308,9719050
309,4579373
310,9825122
311,5995419
312,2377894
313,6043089
314,6478774
315,8000270
316,8049520
317,6830796
318,5749359
319,2473831
320,3779677
321,4455772
322,3938338
323,6093928
324,3791292
325,4015832
326,5789309
327,4196821
328,4263127
329,8511111
330,4449997
331,4881966
332,13513001
333,5522888
334,5421678
335,4094503
336,6203557
337,5443824
338,13023897
339,3054404
340,5946770
341,4920395
342,4884124
343,5464614
344,8333378
345,4241659
346,3374360
347,6054844
348,3631037
349,6093545
350,7340925
351,11136212
352,5529710
353,7319983
354,3800023
355,9463437
356,4611193
357,12830294
358,19138676
359,7939496
360,8008079
361,5278506
362,6257361
363,3635484
364,3538890
365,5711146
366,8511262
367,5351609
368,6476160
369,16682274
370,6949584
371,5882126
372,4404321
373,7578249
374,5652147
375,4986527
376,7040828
377,5750905
378,12786200
379,19670565
380,5630272
381,6332477
382,11299867
383,4029914
384,7539691
385,6989976
386,5918463
387,4568756
388,4322211
389,5854792
390,10930561
391,7154994
392,5326015
393,9793838
394,17339825
395,7133097
396,5109470
397,6951496
398,5867531
399,15555978
400,5942796
401,4673304
402,3563129
403,4855429
404,10981234
405,5712528
406,5837398
407,4047307
408,15352944
409,7629972
410,12860638
411,10087424
412,5199773
413,4539922
414,7517378
415,8121245
416,8139850
417,6343928
418,12790646
419,6910015
420,5986746
421,6635855
422,7651908
423,6204752
424,7210500
425,5666837
426,5369345
427,5602921
428,7458780
429,9551199
430,8349814
431,5553596
432,4993893
433,5564562
434,5571002
435,7682197
436,7317109
437,4907788
438,5567048
439,32679305
440,4735347
441,18128203
442,6065692
443,5812056
444,5755287
445,6194426
446,11375914
447,7840012
448,6952884
449,11173295
450,5306848
451,4111304
452,3569163
453,4957401
454,7823743
455,9921034
456,5387392
457,5025364
458,8355058
459,8369922
460,6134530
461,5509327
462,4026366
463,6046669
464,23683266
465,7127931
466,12074257
467,5633499
468,14161780
469,5693115
470,16960585
471,5045210
472,6665775
473,8118740
474,5992110
475,4763910
476,7304602
477,9165474
478,3954725
479,8730850
480,8310127
481,6057704
482,7339003
483,14123527
484,4292747
485,3751349
486,5467674
487,6501442
488,6699201
489,7745435
490,4496633
491,4885906
492,10239099
493,8932676
494,5168950
495,4978790
496,2646620
497,4554067
498,6754523
499,5441463
500,5901275
501,7596038
502,5177393
503,4092830
504,9845545
505,5922719
506,5805157
507,4757694
508,6138593
509,7730836
510,5413233
511,6671007
512,7416513
513,3968071
514,7597537
515,5945832
516,2681386
517,15360415
518,10962570
519,3056420
520,6453577
521,5440659
522,5087844
523,8818653
524,5362935
525,6441744
526,7554217
527,5795617
528,11641680
529,6039697
530,5419643
531,6225420
532,3896040
533,6189695
534,9117375
535,8855555
536,8034799
537,7409888
538,6980801
539,5142579
540,7282733
541,10585202
542,2308894
543,4000359
544,5613973
545,4231109
546,4163998
547,4108924
548,6764150
549,6928046
550,5638682
551,4296349
552,6555187
553,9886901
554,7744775
555,1747886
556,13555801
557,7188530
558,8361186
559,4397525
560,5245472
561,9348736
562,6573877
563,4116317
564,7326460
565,4071467
566,10754262
567,19552429
568,5089612
569,7147585
570,4549577
571,6344300
572,6361621
573,15840295
574,4120117
575,5208547
576,4585039
577,6754957
578,11401843
579,6998622
580,4098245
581,9544706
582,8184309
583,5405785
584,8137062
585,8317254
586,8823450
587,5653225
588,4372457
589,7123687
590,4119852
591,2997253
592,6114934
593,5269331
594,5964935
595,5971588
596,8510779
597,5786123
598,5164881
599,7079849
600,12966583
601,7029421
602,4144645
603,3554784
604,6317297
605,7628025
606,6318318
607,6680737
608,24271407
609,15256216
610,8025449
611,7430288
612,13012279
613,7347115
614,13133804
615,4963956
616,8008556
617,5745891
618,5747610
619,13200577
620,5733638
621,6096344
622,7798180
623,5051266
624,6614689
625,5449952
626,6186435
627,23681846
628,3620139
629,6991770
630,7872731
631,6550556
632,4657971
633,3524535
634,7047640
635,5387428
636,6682376
637,3967495
638,5107128
639,5363306
640,6624136
641,3121475
642,6375790
643,7681731
644,4274921
645,5749512
646,13061942
647,12713683
648,6906632
649,6120360
650,8827181
651,4620182
652,5338130
653,5404697
654,6021147
655,8129179
656,7262908
657,7067294
658,7502759
659,5882812
660,2445210
661,12255197
662,5636040
663,9690864
664,8893939
665,7415119
666,6743636
667,4534188
668,7531596
669,7050972
670,5007448
671,4797628
672,6084651
673,8003558
674,7554304
675,7253880
676,7119918
677,9239068
678,8170125
679,6691980
680,6897764
681,8277831
682,8608970
683,4261614
684,4685690
685,6117134
686,6911679
687,4118557
688,5511379
689,5341281
690,5761560
691,4970178
692,5620197
693,12041780
694,5182723
695,5572991
696,5694743
697,10099453
698,23309189
699,11515130
700,5630110
701,5513698
702,7578652
703,9427718
704,6884113
705,13861889
706,4819994
707,5523417
708,5625615
709,8655921
710,3883199
711,5915053
712,11810956
713,5189848
714,6691788
715,4517297
716,8928091
717,6604873
718,2984382
719,8286590
720,17056630
721,8656739
722,5499127
723,6145776
724,5703609
725,6522463
726,14492722
727,4154846
728,5568351
729,5765470
730,9297436
731,7846505
732,4903776
733,7310470
734,6504506
735,4619546
736,5166796
737,5841843
738,4302975
739,3071474
740,3728722
741,6713815
742,7542483
743,6194054
744,5883394
745,9772443
746,5933483
747,5910442
748,7570165
749,7249890
750,5116425
751,5108444
752,5257238
753,10388337
754,9039046
755,5184698
756,6404582
757,3660932
758,8086191
759,4759055
760,4989343
761,5815672
762,14188417
763,8170016
764,5949148
765,6960022
766,5374055
767,6712493
768,5048963
769,3797713
770,8640690
771,6700925
772,6195327
773,5398726
774,9592977
775,6803817
776,9274428
777,10371187
778,6894153
779,2805229
780,3648516
781,10587913
782,6448427
783,6456851
784,4448011
785,8564097
786,5121203
787,3071872
788,6637267
789,4576139
790,3532734
791,5209504
792,9718268
793,5092912
794,8627197
795,6129807
796,5195417
797,15018004
798,7907715
799,6726318
800,14733799
801,8522073
802,4657134
803,10217863
804,7334848
805,3282494
806,5372959
807,7372023
808,8654510
809,11351572
810,4155656
811,6858648
812,3863774
813,4308513
814,7117902
815,4414821
816,5255284
817,6907732
818,5641427
819,5389195
820,4904847
821,8077492
822,5697547
823,4803573
824,8633413
825,6839031
826,4840023
827,4681795
828,4676466
829,3419163
830,4399210
831,7335088
832,7146582
833,7386696
834,4482617
835,5126493
836,4288915
837,3565148
838,10095383
839,12924537
840,12756284
841,7055067
842,3350844
843,4738103
844,5573659
845,4296930
846,11271111
847,5873148
848,7024921
849,5737027
850,6877740
851,6456285
852,5579843
853,4688417
854,7863364
855,6941061
856,7154608
857,7111062
858,3196819
859,7787313
860,3651279
861,4972984
862,8652149
863,6701993
864,5186716
865,11463805
866,4125775
867,14703608
868,3964927
869,7130548
870,5329598
871,8044095
872,7126764
873,5022572
874,4560019
875,5044695
876,5094237
877,5730230
878,6115649
879,5960615
880,9034700
881,6196703
882,4017717
883,4973041
884,5445318
885,7138657
886,6146621
887,6102864
888,8483527
889,4852708
890,5499404
891,5336824
892,6349853
893,4834430
894,8483549
895,4149015
896,7318370
897,6310705
898,5100234
899,6628145
900,14219104
901,5616138
902,5274537
903,4712937
904,5366842
905,4436196
906,5784747
907,7567951
908,6196807
909,4070666
910,5955317
911,5302702
912,6878497
913,4369477
914,6426185
915,6341293
916,5383182
917,4251193
918,8264672
919,5252557
920,6672966
921,12408572
922,4112891
923,5711710
924,4843584
925,4737096
926,2606195
927,12704729
928,7521032
929,4673516
930,7412294
931,6548058
932,6849311
933,5765123
934,4513733
935,6580677
936,5586962
937,6491945
938,5959750
939,6078993
940,6878576
941,9607041
942,21715866
943,4620387
944,18270995
945,5380209
946,11381712
947,5292237
948,12348430
949,8609430
950,4675921
951,57653461
952,5238906
953,7641530
954,6432863
955,6392188
956,7367985
957,4964656
958,5558144
959,3870868
960,7917833
961,5732116
962,7018680
963,16324928
964,6751829
965,3809978
966,6168350
967,4732081
968,9368081
969,6895222
970,3693639
971,4982503
972,7371894
973,3772350
974,6734272
975,6840780
976,5299186
977,6155161
978,8577452
979,5572805
980,11522322
981,4300231
982,7036387
983,4028494
984,4746848
985,3763392
986,4479429
987,18297212
988,5337656
989,6709484
990,5860160
991,7568612
992,4112937
993,4141441
994,8859180
995,6001041
996,8167522
997,5386782
998,3922978
999,5994700
1000,7295234
1001,9679942
1002,3811379
1003,17104304
1004,10330256
1005,6195476
1006,7061793
1007,7682958
1008,14418197
1009,7746963
1010,6848033
1011,4587170
1012,4623479
1013,5787204
1014,13675673
1015,7950854
1016,4957996
1017,5502363
1018,6209981
1019,6544069
1020,6640920
1021,17680345
1022,4830507
1023,1802528
1024,4730114
1025,5632843
1026,8899087
1027,5195271
1028,7387118
1029,6238132
1030,4070655
1031,5105510
1032,5642338
1033,4844125
1034,6673431
1035,14147622
1036,10597428
1037,4979986
1038,6770188
1039,7551089
1040,12773577
1041,8946438
1042,4423351
1043,4425303
1044,6293039
1045,7321970
1046,5402101
1047,5506033
1048,8483435
1049,7366080
1050,6898456
1051,4961224
1052,12938412
1053,1875380
1054,4819361
1055,6089738
1056,4497982
1057,5618279
1058,6854641
1059,5036080
1060,3910003
1061,3715132
1062,3185685
1063,7092430
1064,9720599
1065,12843055
1066,7638178
1067,8395844
1068,9923141
1069,6233126
1070,5885715
1071,5150374
1072,6937219
1073,7039623
1074,7769380
1075,5907668
1076,4477506
1077,8598414
1078,7838442
1079,7522225
1080,11377658
1081,9646659
1082,4211236
1083,5692971
1084,13468235
1085,4970663
1086,8238094
1087,10590059
1088,6188425
1089,4146003
1090,2888910
1091,5989684
1092,8125650
1093,4712053
1094,6085622
1095,3613696
1096,4817081
1097,4927002
1098,4496523
1099,5242264
1100,5234083
1101,6406501
1102,7660322
1103,4020399
1104,5077904
1105,5602476
1106,6250760
1107,7210640
1108,5669525
1109,7843136
1110,7116183
1111,7043574
1112,8318415
1113,4324399
1114,8137416
1115,18061638
1116,5832539
1117,4504987
1118,5363502
1119,14370260
1120,11905403
1121,6885686
1122,6037786
1123,10189718
1124,12373557
1125,4610317
1126,11760446
1127,3842822
1128,5178383
1129,7601577
1130,4650859
1131,11710117
1132,7504543
1133,4198020
1134,13685451
1135,6577323
1136,5412145
1137,10250794
1138,8094566
1139,5029220
1140,5249327
1141,4716589
1142,5899331
1143,6848969
1144,8181314
1145,7564652
1146,13169569
1147,4995172
1148,11212185
1149,5814465
1150,6200540
1151,8672798
1152,11996436
1153,3570571
1154,7729857
1155,3875677
1156,19669340
1157,13828077
1158,7557509
1159,4737391
1160,8419838
1161,6389817
1162,5330299
1163,7072242
1164,6127959
1165,14259765
1166,5694147
1167,9639404
1168,5686647
1169,4603262
1170,5676947
1171,6416723
1172,4948366
1173,3827561
1174,6178660
1175,6356254
1176,4536577
1177,4442090
1178,6258808
1179,47500307
1180,9614830
1181,5038187
1182,3363432
1183,12446743
1184,5771328
1185,7074597
1186,15344359
1187,7286388
1188,7064621
1189,11261894
1190,13725153
1191,4296483
1192,3979555
1193,5577447
1194,6158294
1195,6219918
1196,4996129
1197,3897397
1198,6047182
1199,8123812
1200,4914134
1201,5512387
1202,4447296
1203,11063866
1204,6746398
1205,16207114
1206,5713674
1207,5471834
1208,4260182
1209,6202727
1210,6326029
1211,4713937
1212,4448052
1213,5027251
1214,8041539
1215,5254841
1216,5607190
1217,7324823
1218,7978585
1219,11633714
1220,6138648
1221,7143265
1222,8376678
1223,5821404
1224,4221312
1225,7352751
1226,6386706
1227,3789315
1228,5473446
1229,5168479
1230,8090460
1231,7314638
1232,7215536
1233,5397905
1234,4066702
1235,4474943
1236,6430882
1237,12665277
1238,26297839
1239,5160330
1240,4512365
1241,5377926
1242,6939885
1243,8693611
1244,6429267
1245,5083629
1246,10083455
1247,6901603
1248,6211079
1249,5358601
1250,8012411
1251,3881945
1252,10210163
1253,5006495
1254,8973569
1255,10405650
1256,4407498
1257,3910715
1258,3768371
1259,6660830
1260,7914177
1261,5735531
1262,23150794
1263,4328387
1264,6686585
1265,3965307
1266,9334640
1267,4864921
1268,3863886
1269,9971609
1270,5886430
1271,6924320
1272,7738784
1273,4687969
1274,3287279
1275,5534856
1276,4790441
1277,5086703
1278,9464297
1279,16812325
1280,5671608
1281,8306902
1282,6735015
1283,4813436
1284,7068390
1285,4403412
1286,7136688
1287,3838388
1288,5528016
1289,7944061
1290,7918093
1291,6348392
1292,6270776
1293,4316254
1294,5350589
1295,5933444
1296,6310970
1297,3608634
1298,4287865
1299,6190312
1300,4932768
1301,4447294
1302,5302401
1303,4404883
1304,18008373
1305,6125282
1306,8448913
1307,4321759
1308,4804971
1309,4049186
1310,14310392
1311,6545549
1312,5093163
1313,4515203
1314,5118124
1315,7360844
1316,51348108
1317,8900118
1318,7213659
1319,13945963
1320,4544461
1321,9162168
1322,6382714
1323,34416914
1324,4865400
1325,3934461
1326,6452552
1327,7133480
1328,3566421
1329,6302464
1330,8335988
1331,5005849
1332,14004899
1333,4301331
1334,3997951
1335,4075293
1336,5219184
1337,8393367
1338,6532752
1339,6280749
1340,5650905
1341,4944001
1342,5839686
1343,6104699
1344,6260772
1345,3845919
1346,3976477
1347,5941236
1348,5314623
1349,6001852
1350,4174747
1351,5969256
1352,5480202
1353,5307145
1354,5827234
1355,6404616
1356,3818707
1357,7479663
1358,5701966
1359,2687147
1360,4122269
1361,3688861
1362,7170504
1363,6415164
1364,6808588
1365,7392172
1366,4009112
1367,6117623
1368,9618620
1369,10633944
1370,5318020
1371,10659887
1372,6266734
1373,8510237
1374,9857387
1375,8129011
1376,7417232
1377,6970341
1378,5253087
1379,20300513
1380,5980021
1381,16844501
1382,3258854
1383,4375506
1384,5543948
1385,7630023
1386,16817121
1387,12444094
1388,6913407
1389,10531501
1390,7040873
1391,7086480
1392,5285427
1393,3920751
1394,9028024
1395,7388374
1396,8641850
1397,3946622
1398,4175250
1399,5624002
1400,4591247
1401,5036723
1402,4190309
1403,6278828
1404,5629416
1405,6038181
1406,8431538
1407,4767053
1408,3325959
1409,14197955
1410,12857399
1411,6562228
1412,4944069
1413,6056831
1414,8982928
1415,7378331
1416,6136454
1417,7354528
1418,2145812
1419,4195438
1420,5988088
1421,8840922
1422,5083253
1423,4821722
1424,3841337
1425,7823022
1426,5542105
1427,7170943
1428,4104074
1429,3526710
1430,6839086
1431,9604303
1432,5533675
1433,4521047
1434,7967610
1435,2209391
1436,5248186
1437,4789817
1438,7890863
1439,33751207
1440,5701484
1441,5036962
1442,7229304
1443,11136166
1444,6963224
1445,5411210
1446,5505547
1447,5669951
1448,5965856
1449,8409177
1450,6253099
1451,4522818
1452,2361247
1453,7955952
1454,4219774
1455,11043624
1456,4861614
1457,12580524
1458,7215949
1459,11564552
1460,8870062
1461,6154587
1462,4058950
1463,2752436
1464,6191261
1465,6349252
1466,12551805
1467,9744697
1468,17779558
1469,11494781
1470,6271692
1471,4400387
1472,8995880
1473,11195096
1474,3818867
1475,11603250
1476,4964935
1477,9823683
1478,18984377
1479,37720643
1480,6477075
1481,5178593
1482,2826847
1483,7174388
1484,4074774
1485,7700073
1486,10250791
1487,9505587
1488,7704099
1489,58225
1490,5388815
1491,5159541
1492,5860413
1493,6472685
1494,4797906
1495,4753968
1496,3031431
1497,9149566
1498,6429272
1499,10808179
1500,6615266
1501,4465229
1502,5659486
1503,9790592
1504,5591926
1505,5056756
1506,5807883
1507,7144135
1508,11279981
1509,7241365
1510,5005923
1511,7631094
1512,3187814
1513,3879136
1514,10908708
1515,10391625
1516,5741095
1517,6347880
1518,9164895
1519,10430451
1520,10944368
1521,4507350
1522,7230022
1523,4629459
1524,5401332
1525,18738229
1526,5311754
1527,19426529
1528,5702456
1529,3957160
1530,7277603
1531,6737349
1532,9757449
1533,6597769
1534,4768018
1535,3879564
1536,4644944
1537,5812179
1538,11631114
1539,4945726
1540,5324125
1541,6965004
1542,4986893
1543,6283861
1544,11419993
1545,5902176
1546,8976694
1547,5658610
1548,4094218
1549,5047255
1550,6529623
1551,5494519
1552,3437576
1553,7985050
1554,1680458
1555,5028157
1556,6961237
1557,8731678
1558,6248124
1559,4659212
1560,6816607
1561,6804995
1562,5651853
1563,20260300
1564,9186576
1565,6441970
1566,7347428
1567,10074314
1568,4229182
1569,6076286
1570,10269472
1571,8898534
1572,8494805
1573,9335325
1574,5105618
1575,10733780
1576,10090212
1577,4524998
1578,5425252
1579,14691283
1580,7362519
1581,5866403
1582,3646042
1583,7726862
1584,5527895
1585,3764750
1586,7488985
1587,5627616
1588,7541881
1589,8777760
1590,7250367
1591,3428222
1592,4734965
1593,5779649
1594,5905269
1595,6216917
1596,16280095
1597,8197170
1598,5654290
1599,8475863
1600,16790639
1601,7753679
1602,8804444
1603,13524368
1604,7269387
1605,6471432
1606,6864643
1607,6607535
1608,4625161
1609,6857200
1610,16646320
1611,5857265
1612,7599986
1613,4857548
1614,6428801
1615,5009366
1616,5131811
1617,6871355
1618,4623714
1619,9274712
1620,6577536
1621,5534820
1622,4750149
1623,4751692
1624,5650873
1625,5548068
1626,6516178
1627,9769031
1628,5467357
1629,9001752
1630,4690195
1631,11843278
1632,3947111
1633,5660087
1634,7005239
1635,14496564
1636,9365554
1637,4738886
1638,4730739
1639,17364428
1640,12513525
1641,12259473
1642,17384195
1643,8375121
1644,7849969
1645,27246424
1646,7495356
1647,2200184
1648,10047575
1649,6157305
1650,6542472
1651,4518651
1652,5377151
1653,14469233
1654,4885448
1655,4886576
1656,6607354
1657,5902087
1658,12980955
1659,15781625
1660,4089490
1661,6623851
1662,6160707
1663,3981933
1664,4807653
1665,7006658
1666,5741851
1667,19128333
1668,10942004
1669,4550914
1670,8460003
1671,6590976
1672,4543685
1673,5460471
1674,6761616
1675,6518544
1676,8387319
1677,8834494
1678,5570154
1679,14132872
1680,6578770
1681,39351198
1682,4826040
1683,4061822
1684,5151554
1685,4196043
1686,4709403
1687,9289746
1688,7612998
1689,5568211
1690,3899940
1691,3993895
1692,11374980
1693,12392193
1694,16818615
1695,4591404
1696,7063035
1697,7055992
1698,5916680
1699,11819826
1700,3330192
1701,4710076
1702,5751843
1703,4436221
1704,5407824
1705,5123690
1706,11208637
1707,11019087
1708,4029832
1709,5808826
1710,5804924
1711,6682191
1712,5322110
1713,8218655
1714,5055772
1715,6376225
1716,6262219
1717,6548021
1718,10829882
1719,5542203
1720,6161220
1721,3913814
1722,3524874
1723,3409408
1724,10000759
1725,7242283
1726,3894556
1727,9943679
1728,7885366
1729,6916286
1730,10368066
1731,7201022
1732,15080324
1733,8195728
1734,3572804
1735,4862624
1736,3717920
1737,11536617
1738,6057979
1739,6097955
1740,6918030
1741,4216581
1742,14858289
1743,3912461
1744,6108329
1745,3382786
1746,7697308
1747,7906042
1748,5976783
1749,4855678
1750,5909903
1751,6801042
1752,6451473
1753,6415784
1754,4086896
1755,5714741
1756,13209118
1757,4735985
1758,2957030
1759,5445553
1760,11747366
1761,5388611
1762,6368941
1763,8635467
1764,7004610
1765,5321769
1766,3913627
1767,7895753
1768,7148166
1769,6755274
1770,8505697
1771,9272191
1772,9720951
1773,6425931
1774,11815216
1775,4058489
1776,5123745
1777,4242049
1778,8450796
1779,7119631
1780,7952938
1781,25101367
1782,7294007
1783,8585455
1784,6945395
1785,6800126
1786,8202690
1787,4789247
1788,11409569
1789,4005916
1790,4045626
1791,5013615
1792,7843457
1793,5201500
1794,5536755
1795,5084568
1796,8050503
1797,7350232
1798,6649317
1799,6724090
1800,5852766
1801,7923234
1802,7961268
1803,6313078
1804,5051871
1805,3803911
1806,5288347
1807,21350837
1808,5914651
1809,9433932
1810,5146848
1811,6410064
1812,12456890
1813,1691515
1814,5953904
1815,5489649
1816,6066304
1817,13381306
1818,11525519
1819,3827961
1820,6269622
1821,6083727
1822,4452429
1823,5610839
1824,13887418
1825,5636635
1826,7264029
1827,9043674
1828,8625326
1829,7261160
1830,7024380
1831,9088321
1832,6400897
1833,11390445
1834,11013975
1835,8562256
1836,8281662
1837,8009897
1838,5180531
1839,7310304
1840,8377953
1841,8948877
1842,9202076
1843,12455314
1844,8495793
1845,6101482
1846,8677162
1847,5600613
1848,8526491
1849,6152489
1850,5893218
1851,9119515
1852,5436051
1853,5159959
1854,6377859
1855,12755775
1856,4192460
1857,4767902
1858,6512269
1859,12768095
1860,7982373
1861,7502484
1862,13434891
1863,6885899
1864,5372209
1865,5827076
1866,9056096
1867,5740102
1868,3186790
1869,12302103
1870,5455456
1871,4054037
1872,10234557
1873,5299164
1874,4709024
1875,9542633
1876,6083162
1877,9688786
1878,5635055
1879,5402978
1880,6077485
1881,10480536
1882,6301544
1883,6432627
1884,6023322
1885,7845828
1886,6135364
1887,5867359
1888,4822188
1889,8503475
1890,7079698
1891,8021974
1892,7851160
1893,4575913
1894,23316692
1895,6817261
1896,8315648
1897,8844109
1898,7632485
1899,6392189
1900,5332466
1901,9714291
1902,5017232
1903,4555529
1904,3808640
1905,3396900
1906,9063310
1907,3753228
1908,4633306
1909,5656900
1910,15917049
1911,4437882
1912,7714010
1913,11186026
1914,5394719
1915,3312870
1916,5770716
1917,5891851
1918,4609553
1919,5301199
1920,5296138
1921,10920763
1922,10230238
1923,5252329
1924,5402534
1925,4955243
1926,8026877
1927,5543703
1928,14558342
1929,8162807
1930,6092380
1931,42568431
1932,8748116
1933,7063061
1934,11342920
1935,8639024
1936,9037190
1937,4185129
1938,11126448
1939,10606134
1940,5588481
1941,10742522
1942,5851536
1943,4399246
1944,3896431
1945,4919143
1946,7928593
1947,4799725
1948,15789011
1949,3533510
1950,6681678
1951,10576112
1952,8464872
1953,9746961
1954,5738529
1955,8096060
1956,7114094
1957,8172651
1958,5607410
1959,10765359
1960,4794704
1961,6439605
1962,6156380
1963,5186300
1964,4999954
1965,4259035
1966,20135876
1967,4391158
1968,4169476
1969,6063805
1970,5641814
1971,5733793
1972,5028587
1973,6983541
1974,5843582
1975,8508610
1976,11216230
1977,6309977
1978,6595197
1979,4360165
1980,7604767
1981,4320089
1982,8286646
1983,15491639
1984,8945195
1985,4503895
1986,3901193
1987,4979451
1988,11982234
1989,15250161
1990,3748452
1991,6102501
1992,11846831
1993,3656647
1994,7856777
1995,5782819
1996,4702173
1997,12283905
1998,1828344
1999,2679481
2000,5298556
2001,14128638
2002,8025893
2003,9141462
2004,5888160
2005,6336767
2006,7737835
2007,20029801
2008,6761014
2009,12935787
2010,6412362
2011,7990847
2012,6079593
2013,6807535
2014,4573818
2015,4159035
2016,12343382
2017,4030062
2018,7374201
2019,6270202
2020,10271837
2021,5070531
2022,4251243
2023,4633697
2024,5966472
2025,4266791
2026,6083098
2027,5740050
2028,5877824
2029,7052291
2030,13258910
2031,8816948
2032,6744887
2033,6191974
2034,13423490
2035,3252885
2036,5242751
2037,10639151
2038,5451830
2039,5329056
2040,3465294
2041,5980117
2042,4052273
2043,5203742
2044,7530121
2045,12726643
2046,7904065
2047,6333002
2048,3202691
2049,5021263
2050,8089244
2051,7278963
2052,8521688
2053,3277649
2054,5420957
2055,5549790
2056,3686282
2057,10995957
2058,6269470
2059,10384973
2060,6984285
2061,3175067
2062,4913998
2063,4507366
2064,21248439
2065,3977325
2066,5225292
2067,4491903
2068,4422218
2069,6198176
2070,4723898
2071,4264437
2072,10552672
2073,7564500
2074,5288596
2075,6301973
2076,6671772
2077,7807532
2078,8444115
2079,4983470
2080,4986675
2081,5881963
2082,5111888
2083,21329955
2084,6430478
2085,8963311
2086,7126836
2087,5639080
2088,5363161
2089,5051506
2090,5978702
2091,6359444
2092,5533338
2093,5973490
2094,7295967
2095,7824293
2096,8077395
2097,7954584
2098,5440758
2099,6829617
2100,9386425
2101,6961782
2102,7473304
2103,6070936
2104,4993286
2105,6644268
2106,7004982
2107,5605350
2108,5462085
2109,4265066
2110,2701940
2111,5845003
2112,5675185
2113,6331122
2114,25658081
2115,8355768
2116,3249607
2117,3436185
2118,9815641
2119,5955792
2120,7245011
2121,28662202
2122,5376332
2123,7696488
2124,5799594
2125,5528060
2126,7189992
2127,5791914
2128,6308243
2129,9725921
2130,6586937
2131,5567601
2132,5230851
2133,6858727
2134,2402637
2135,7808383
2136,5628788
2137,5313830
2138,10968096
2139,5479528
2140,5770084
2141,4771501
2142,6037111
2143,4859933
2144,6401495
2145,12547859
2146,6862680
2147,7949267
2148,3296273
2149,9464570
2150,5509416
2151,8463685
2152,4455251
2153,4370247
2154,8727801
2155,6213841
2156,5737749
2157,6317453
2158,4980248
2159,7452433
2160,42990460
2161,8740521
2162,4885647
2163,5506373
2164,15283466
2165,9334477
2166,5834050
2167,6235925
2168,5139223
2169,3743179
2170,5656850
2171,8464629
2172,6418282
2173,8018938
2174,8319983
2175,5592782
2176,7038577
2177,5268121
2178,11765061
2179,4726959
2180,9676783
2181,5742082
2182,11720989
2183,7902780
2184,11329396
2185,6737290
2186,4495922
2187,6215551
2188,7321375
2189,5610925
2190,4503395
2191,12853392
2192,8579487
2193,5665951
2194,25826215
2195,5169031
2196,4615903
2197,6589356
2198,6655586
2199,6837217
2200,5680782
2201,4111709
2202,6039529
2203,5121271
2204,5750609
2205,4543008
2206,12405102
2207,6039324
2208,5014394
2209,5711855
2210,5149049
2211,4022861
2212,5827408
2213,15987160
2214,10240259
2215,7473150
2216,5634947
2217,5231022
2218,10182549
2219,34615556
2220,5698997
2221,6183241
2222,8207403
2223,4662176
2224,7164237
2225,5222234
2226,6040987
2227,20131982
2228,2523026
2229,8869024
2230,3365038
2231,4715603
2232,8630011
2233,4934166
2234,11205881
2235,7748218
2236,8796167
2237,7228911
2238,6020764
2239,5135894
2240,7124994
2241,4454871
2242,3181342
2243,10505545
2244,5757133
2245,5913636
2246,5813389
2247,7810091
2248,7158532
2249,5004118
2250,2467899
2251,6107856
2252,4995566
2253,6382116
2254,5583463
2255,3993121
2256,6516194
2257,3414182
2258,3985468
2259,8393288
2260,9490186
2261,5006503
2262,4677944
2263,5319987
2264,9665610
2265,7549466
2266,4433380
2267,2284061
2268,6487554
2269,7779350
2270,7480347
2271,6209435
2272,9344248
2273,10398892
2274,55236147
2275,6479373
2276,6171798
2277,7149592
2278,7587187
2279,6557893
2280,2979316
2281,4566472
2282,3918535
2283,6366120
2284,7185342
2285,4646514
2286,5930455
2287,4337007
2288,5262898
2289,6384118
2290,6401028
2291,10574366
2292,10765345
2293,6099943
2294,6568044
2295,4260501
2296,16994503
2297,5764062
2298,5392394
2299,5944424
2300,2340042
2301,6696486
2302,5414232
2303,3397367
2304,6981286
2305,4431215
2306,4890821
2307,7093383
2308,7575021
2309,6392345
2310,5479559
2311,11106104
2312,10607680
2313,5070458
2314,10128569
2315,3731603
2316,10139465
2317,3748423
2318,5624092
2319,4883862
2320,6303526
2321,7191731
2322,8262527
2323,14296352
2324,8413793
2325,4336895
2326,4364267
2327,5057049
2328,6844503
2329,5185064
2330,7823715
2331,3378233
2332,3740996
2333,6087081
2334,5153184
2335,9908647
2336,8677424
2337,5577837
2338,5354104
2339,3592806
2340,13204945
2341,5634721
2342,6034606
2343,5000101
2344,4640234
2345,4557730
2346,2992004
2347,6149319
2348,5082035
2349,7157047
2350,5373264
2351,4869853
2352,6407130
2353,6216993
2354,21815828
2355,14680738
2356,24374893
2357,4059213
2358,4499207
2359,12385476
2360,6020671
2361,6069610
2362,5390758
2363,12138825
2364,6593437
2365,5456057
2366,5938277
2367,20931495
2368,4107971
2369,10648180
2370,3688983
2371,7909948
2372,7790225
2373,5339331
2374,4649777
2375,7197332
2376,5962623
2377,6835709
2378,3233797
2379,4806782
2380,8123043
2381,16015268
2382,5356062
2383,19971100
2384,5872957
2385,11303614
2386,5259275
2387,5653485
2388,4818618
2389,6235404
2390,6048996
2391,5996828
2392,9112877
2393,4981586
2394,8393961
2395,9565780
2396,18351708
2397,6735125
2398,6518378
2399,4641604
2400,4888804
2401,6922876
2402,7320109
2403,4335871
2404,7095902
2405,7349900
2406,5986704
2407,3886976
2408,6841738
2409,18739697
2410,61025693
2411,4757152
2412,11694917
2413,6249882
2414,5826139
2415,21642176
2416,5010858
2417,11868053
2418,5292028
2419,6248271
2420,3931576
2421,6094375
2422,3524438
2423,7388718
2424,4202079
2425,5402324
2426,5638154
2427,13629326
2428,7194482
2429,6107188
2430,6725190
2431,7857096
2432,6717136
2433,5489200
2434,4652287
2435,6036327
2436,10088674
2437,3654531
2438,5579032
2439,3954805
2440,10538431
2441,5562202
2442,4419041
2443,14107282
2444,8260688
2445,6793265
2446,2482696
2447,5821841
2448,5022243
2449,7905998
2450,5205813
2451,5378462
2452,7671263
2453,7375840
2454,10970051
2455,7961391
2456,3627618
2457,4613508
2458,8830137
2459,6539870
2460,7145713
2461,6765851
2462,8455854
2463,4103268
2464,5845291
2465,9115671
2466,4767307
2467,5011621
2468,4362536
2469,8775635
2470,3375837
2471,6304356
2472,6451857
2473,8210523
2474,4504007
2475,5423244
2476,6021123
2477,9071056
2478,5137384
2479,9532253
2480,7135550
2481,11107774
2482,4803649
2483,8669614
2484,8096294
2485,4125053
2486,3865879
2487,5653347
2488,6572085
2489,6276410
2490,4952730
2491,12815540
2492,3932681
2493,11018609
2494,8080338
2495,6259022
2496,5608368
2497,7826373
2498,6404645
2499,3694117
2500,6026836
2501,7561128
2502,8068099
2503,4107572
2504,4668185
2505,3676575
2506,7000818
2507,6292635
2508,9952599
2509,12033525
2510,5599442
2511,4136322
2512,7041200
2513,7868885
2514,9836667
2515,4798308
2516,15862448
2517,5107145
2518,10646948
2519,4300188
2520,5123866
2521,4662857
2522,7380209
2523,5522171
2524,8153574
2525,8425052
2526,5595339
2527,5196222
2528,5267747
2529,5057842
2530,3021993
2531,4739006
2532,4420485
2533,5974443
2534,5556417
2535,3629402
2536,5212106
2537,2025717
2538,7011659
2539,5089183
2540,6376675
2541,4319948
2542,8063638
2543,2008202
2544,4206580
2545,34185566
2546,6632883
2547,5511245
2548,9511603
2549,5613118
2550,6180815
2551,7784301
2552,7068552
2553,5129987
2554,6337419
2555,4264020
2556,5264286
2557,6433293
2558,4259861
2559,6084922
2560,6135724
2561,4681410
2562,8583028
2563,4573289
2564,4754514
2565,15392399
2566,11335038
2567,5561330
2568,4590820
2569,26332192
2570,7441701
2571,14598305
2572,6790493
2573,5175191
2574,5976088
2575,5514500
2576,5371420
2577,4328438
2578,5304433
2579,4141808
2580,3315743
2581,5373006
2582,5870381
2583,6997132
2584,5552788
2585,6395107
2586,3585898
2587,6567893
2588,5456141
2589,5625262
2590,3771976
2591,4321667
2592,6021445
2593,9073520
2594,14595688
2595,4757885
2596,5489069
2597,5328461
2598,7796863
2599,6704281
2600,4274178
2601,5825409
2602,4120418
2603,4324531
2604,14659465
2605,6672656
2606,11267407
2607,5605856
2608,7699939
2609,4550960
2610,6262025
2611,5620462
2612,6963402
2613,6069938
2614,8309697
2615,3844854
2616,5062231
2617,5761117
2618,5369470
2619,11793875
2620,9994748
2621,6966967
2622,8395693
2623,4711759
2624,4990408
2625,8350117
2626,4223745
2627,6970684
2628,5479518
2629,4335043
2630,7196074
2631,4929374
2632,4724600
2633,2071176
2634,4830684
2635,10991774
2636,6019560
2637,5621643
2638,26743956
2639,3484611
2640,5755301
2641,4516814
2642,6206946
2643,2719488
2644,2146765
2645,5227001
2646,7241804
2647,5865372
2648,6772479
2649,7545113
2650,4632234
2651,7096907
2652,6217331
2653,13703442
2654,8015620
2655,15276473
2656,3420290
2657,5964147
2658,7429573
2659,12818151
2660,9708308
2661,5380085
2662,7764767
2663,5412413
2664,4402355
2665,4022977
2666,7581432
2667,9365694
2668,5754764
2669,4987872
2670,5740434
2671,5149814
2672,5709447
2673,6083012
2674,13171424
2675,5201552
2676,4591570
2677,4076963
2678,5012304
2679,4026880
2680,14851763
2681,6095669
2682,4839173
2683,5591307
2684,6343950
2685,4211070
2686,5542801
2687,7073280
2688,4388232
2689,8024491
2690,22191576
2691,5956604
2692,5221797
2693,9083300
2694,9432845
2695,4656262
2696,7671102
2697,4027159
2698,4079559
2699,6957872
2700,6211695
2701,6340080
2702,4985679
2703,8421521
2704,4166187
2705,11531258
2706,14846704
2707,9937136
2708,4136408
2709,4759329
2710,4831190
2711,5558018
2712,5609857
2713,5105766
2714,7484137
2715,11016910
2716,6462132
2717,4631326
2718,9062189
2719,5582968
2720,5267488
2721,4470550
2722,5913554
2723,8856590
2724,4278454
2725,11018005
2726,9424178
2727,3879402
2728,4473517
2729,4175233
2730,5228724
2731,4174065
2732,5240714
2733,4445408
2734,6526730
2735,6437382
2736,7167392
2737,4075318
2738,3312705
2739,6734333
2740,3942263
2741,4752086
2742,5891917
2743,6532189
2744,4345955
2745,4675396
2746,4263261
2747,7845586
2748,9584810
2749,4572523
2750,9651770
2751,6509437
2752,4153598
2753,5471023
2754,4453549
2755,8386593
2756,6175491
2757,5365427
2758,6936011
2759,5362803
2760,5336034
2761,11538180
2762,4171038
2763,4967561
2764,3151793
2765,4507141
2766,10203485
2767,7604944
2768,6532728
2769,4638017
2770,4881136
2771,5608578
2772,6895000
2773,7145601
2774,7220722
2775,11955111
2776,6221739
2777,9963570
2778,4750750
2779,9368090
2780,4254067
2781,5534025
2782,2126744
2783,7567535
2784,7924355
2785,6875817
2786,4584391
2787,7439115
2788,6752054
2789,6198384
2790,5695821
2791,6784281
2792,4068541
2793,4245857
2794,4321997
2795,7160778
2796,8881244
2797,8173386
2798,7809596
2799,5845277
2800,7829890
2801,2200246
2802,1805205
2803,5672683
2804,17550387
2805,8797307
2806,4462862
2807,7071597
2808,6257896
2809,5715403
2810,12704044
2811,10635875
2812,5797153
2813,5510856
2814,7962982
2815,6358314
2816,7418672
2817,6425538
2818,10877947
2819,7134630
2820,6940158
2821,13689552
2822,13599713
2823,12091801
2824,7200604
2825,7164959
2826,4233031
2827,9576003
2828,10236926
2829,9124537
2830,3119480
2831,9923681
2832,5134456
2833,9751679
2834,4979288
2835,4223052
2836,15753911
2837,5650955
2838,4856162
2839,12724726
2840,5349421
2841,7501840
2842,11167883
2843,8742774
2844,5454149
2845,3889675
2846,2635487
2847,7926608
2848,4569842
2849,5655624
2850,6479806
2851,4772514
2852,6927673
2853,5837599
2854,5023050
2855,9372445
2856,2677051
2857,6990469
2858,3948730
2859,4942853
2860,6100231
2861,3920975
2862,3550932
2863,15622297
2864,12994511
2865,6199608
2866,6658400
2867,4739953
2868,10017392
2869,4731517
2870,7790847
2871,4569409
2872,4422775
2873,5375596
2874,4059398
2875,2446672
2876,5277719
2877,6128685
2878,15429875
2879,9327813
2880,4069022
2881,9215630
2882,7086843
2883,7300282
2884,4846825
2885,5116096
2886,9048922
2887,5112028
2888,3596932
2889,7928372
2890,5366408
2891,4807913
2892,21966800
2893,3983991
2894,4260706
2895,7390141
2896,6172779
2897,20125634
2898,6503257
2899,12068925
2900,4765205
2901,6979967
2902,14610301
2903,5479416
2904,9959257
2905,6615460
2906,4564166
2907,9599953
2908,4902555
2909,44602585
2910,4451539
2911,3834638
2912,5949232
2913,7110706
2914,8866979
2915,18299497
2916,4086633
2917,6305201
2918,6631513
2919,7373687
2920,2536157
2921,17237716
2922,6033856
2923,11462487
2924,22235422
2925,6670524
2926,3918157
2927,7087195
2928,7478271
2929,9276624
2930,6494486
2931,4070549
2932,5019991
2933,12850178
2934,6690257
2935,8101637
2936,5022918
2937,4868365
2938,5750237
2939,4977776
2940,4162763
2941,15784473
2942,3103825
2943,5091559
2944,14954518
2945,6129123
2946,5307890
2947,4719955
2948,4864008
2949,7668873
2950,10016202
2951,3591160
2952,10260045
2953,4041353
2954,6029856
2955,5400612
2956,5202998
2957,4190410
2958,6921387
2959,4357119
2960,5074013
2961,8531972
2962,9338760
2963,4151361
2964,4407362
2965,8396603
2966,3856950
2967,5096739
2968,14910155
2969,15612967
2970,5414211
2971,12663849
2972,10987063
2973,6847977
2974,6065481
2975,4548209
2976,8887653
2977,4831559
2978,10606728
2979,6388361
2980,5817863
2981,7748580
2982,6081921
2983,10661237
2984,8463940
2985,5803636
2986,5572690
2987,10089139
2988,6146745
2989,6541906
2990,4200339
2991,3626435
2992,7044744
2993,5535719
2994,9175811
2995,6042355
2996,13308031
2997,6894845
2998,6215476
2999,8630602
3000,7036506
3001,5083551
3002,9225832
3003,8112511
3004,5979868
3005,4914386
3006,4960883
3007,5059710
3008,4205557
3009,4619499
3010,5822572
3011,12413820
3012,3547949
3013,5596225
3014,8399137
3015,5405821
3016,6646874
3017,7185606
3018,5123222
3019,7168624
3020,4773520
3021,3805688
3022,6462716
3023,5901419
3024,6744078
3025,5559101
3026,5429469
3027,7261472
3028,31249309
3029,3163594
3030,5493037
3031,5800332
3032,4293011
3033,11512591
3034,5783181
3035,8020630
3036,6384116
3037,4427310
3038,6616041
3039,4452695
3040,5555309
3041,6892012
3042,8232463
3043,9630399
3044,3904879
3045,4669475
3046,4629449
3047,40921786
3048,3626639
3049,6035040
3050,4741126
3051,8116084
3052,6119919
3053,2628240
3054,5229224
3055,8672757
3056,8205479
3057,4860319
3058,7349009
3059,8852723
3060,7432972
3061,11852192
3062,3226941
3063,6024188
3064,3895606
3065,6632596
3066,5677623
3067,5886779
3068,5381598
3069,8847754
3070,4717398
3071,5848077
3072,5973169
3073,4359747
3074,8606508
3075,9659043
3076,5297390
3077,5998864
3078,31280450
3079,13554881
3080,2580666
3081,3217119
3082,8553874
3083,3238599
3084,7314483
3085,5012123
3086,22198583
3087,4661479
3088,6774128
3089,8210032
3090,6743964
3091,3764854
3092,5094557
3093,4756127
3094,8228563
3095,4142767
3096,5452570
3097,5967555
3098,6734326
3099,3187719
3100,13643067
3101,35810544
3102,6160065
3103,5647438
3104,7553515
3105,6718913
3106,8134217
3107,5604932
3108,9325934
3109,5379608
3110,3871587
3111,7665644
3112,4798816
3113,4428278
3114,8016055
3115,5402735
3116,6775055
3117,5722622
3118,5654914
3119,4809377
3120,12721903
3121,6170738
3122,5517536
3123,8581444
3124,6240127
3125,4356051
3126,4781035
3127,7902100
3128,18460257
3129,8954422
3130,5519354
3131,6767859
3132,4658690
3133,6647628
3134,8282065
3135,6969348
3136,6807365
3137,4473418
3138,4825075
3139,5535545
3140,5338627
3141,5363781
3142,8344051
3143,5921511
3144,7556151
3145,3916484
3146,6932076
3147,5031793
3148,13759343
3149,3727521
3150,4530352
3151,6116564
3152,3065048
3153,6757272
3154,4149333
3155,6780734
3156,13941740
3157,9388222
3158,5328261
3159,12633289
3160,4722181
3161,4954369
3162,3701707
3163,5239916
3164,7711905
3165,6101042
3166,8201517
3167,7131417
3168,4942329
3169,5007236
3170,12090340
3171,5762238
3172,10570905
3173,7120456
3174,3999806
3175,5333042
3176,5684812
3177,5624908
3178,6732380
3179,6352364
3180,5939048
3181,6309967
3182,5635009
3183,11113037
3184,3502221
3185,4916561
3186,7079555
3187,39895766
3188,6844022
3189,5052528
3190,12787964
3191,7196241
3192,7486023
3193,5774361
3194,6558505
3195,4116616
3196,6794367
3197,6156851
3198,6114589
3199,4752939
3200,9610020
3201,5043411
3202,9155602
3203,6630831
3204,6051335
3205,6609133
3206,5682074
3207,4335189
3208,5402442
3209,3347102
3210,3743092
3211,5250517
3212,7958430
3213,5919593
3214,7610479
3215,12042519
3216,8298253
3217,5760301
3218,5608151
3219,5031141
3220,12761848
3221,6042109
3222,6083046
3223,12775263
3224,4655774
3225,21789353
3226,2351682
3227,5800645
3228,5781503
3229,9044113
3230,8107771
3231,5813103
3232,4950494
3233,3424434
3234,5266259
3235,3098623
3236,6204056
3237,5792303
3238,10240715
3239,6270780
3240,6333895
3241,44037292
3242,6886553
3243,5954150
3244,3020436
3245,6817771
3246,11208271
3247,5323024
3248,2411886
3249,6152905
3250,3102852
3251,8619934
3252,3654385
3253,4892669
3254,7074608
3255,3934037
3256,8052252
3257,7572544
3258,5422815
3259,6150270
3260,7162897
3261,8846712
3262,6554667
3263,4882948
3264,4310467
3265,5052502
3266,5468955
3267,4629044
3268,3072589
3269,11739566
3270,5123405
3271,5344000
3272,6644911
3273,7207984
3274,4966015
3275,6136462
3276,4651399
3277,4981522
3278,7866606
3279,3643625
3280,7347088
3281,4854087
3282,3580128
3283,5637567
3284,4257358
3285,4546523
3286,8170639
3287,4371380
3288,13578732
3289,8547004
3290,5525530
3291,6339306
3292,5704836
3293,5877357
3294,3780268
3295,6645121
3296,3359855
3297,5317904
3298,5980640
3299,6290767
3300,7351207
3301,6854659
3302,8763124
3303,11338923
3304,6366568
3305,7344979
3306,5205873
3307,3738310
3308,4942343
3309,21116046
3310,5007317
3311,7922577
3312,5290604
3313,4648798
3314,7397763
3315,6459131
3316,41672359
3317,4906096
3318,5499335
3319,5863073
3320,11767915
3321,6015392
3322,5320290
3323,5549268
3324,11783724
3325,5082538
3326,4801598
3327,3096985
3328,6059071
3329,7295788
3330,5692114
3331,8930882
3332,7058858
3333,9134568
3334,4448195
3335,6952890
3336,4946130
3337,6029984
3338,3960731
3339,4359235
3340,10171015
3341,5561562
3342,4650513
3343,7026909
3344,7513461
3345,5599204
3346,4849358
3347,15144355
3348,8580749
3349,7873856
3350,4230077
3351,9249107
3352,8784006
3353,14186437
3354,6877950
3355,4569903
3356,3676074
3357,5688540
3358,3942189
3359,10649807
3360,5003668
3361,10667629
3362,14243028
3363,5951598
3364,7210508
3365,27623686
3366,6403391
3367,5651154
3368,7357247
3369,5898962
3370,5482875
3371,5194539
3372,5705265
3373,7495197
3374,5223716
3375,4358754
3376,5249793
3377,6908550
3378,8849257
3379,8308651
3380,10488931
3381,3837112
3382,3490117
3383,4928108
3384,4454270
3385,6792892
3386,9202881
3387,7084189
3388,9746353
3389,5857944
3390,12019834
3391,6412351
3392,5172094
3393,5110091
3394,3284680
3395,4823462
3396,5719495
3397,6880243
3398,6297481
3399,6598694
3400,4207246
3401,3834322
3402,11939003
3403,12423495
3404,3805217
3405,5658919
3406,13534927
3407,10317083
3408,4387332
3409,4939729
3410,6104611
3411,4101038
3412,5782670
3413,5822707
3414,6485674
3415,3976817
3416,15104280
3417,9879719
3418,6114214
3419,5913171
3420,6358559
3421,9246579
3422,7327295
3423,13918731
3424,5494325
3425,7300649
3426,7973081
3427,6203733
3428,8652522
3429,4793231
3430,6349928
3431,3597593
3432,7201218
3433,6272708
3434,11003351
3435,7684903
3436,2699570
3437,7355443
3438,5164648
3439,10684971
3440,5336552
3441,6286807
3442,5214518
3443,5123702
3444,11906998
3445,6284469
3446,3898208
3447,8628909
3448,6866278
3449,7446503
3450,12729445
3451,4580673
3452,5199387
3453,6669302
3454,11225651
3455,5158499
3456,5130855
3457,5418688
3458,6654225
3459,6379855
3460,12525481
3461,11217231
3462,11301885
3463,5055552
3464,4181514
3465,26722642
3466,17907075
3467,7367653
3468,5619263
3469,9519361
3470,4914858
3471,6410176
3472,8938125
3473,6224583
3474,7920408
3475,5531029
3476,6787239
3477,6989916
3478,15038873
3479,5581922
3480,4568389
3481,7543670
3482,6380789
3483,5272757
3484,3745162
3485,4956262
3486,9774692
3487,2970484
3488,5398464
3489,7132710
3490,5824604
3491,6644687
3492,5578226
3493,5697262
3494,6170420
3495,5485662
3496,6711253
3497,8746166
3498,6723988
3499,5814727
3500,5480183
3501,3209958
3502,6468450
3503,5658322
3504,5348269
3505,4902970
3506,5313023
3507,9012157
3508,5422316
3509,43886575
3510,21463068
3511,14266110
3512,5916599
3513,2334861
3514,14215782
3515,5844275
3516,8380586
3517,6384543
3518,7918512
3519,4079865
3520,7771955
3521,3543431
3522,5261026
3523,6053724
3524,6312596
3525,7172175
3526,3997149
3527,5389640
3528,5374581
3529,7304926
3530,5928821
3531,17179246
3532,4148050
3533,7579472
3534,6508923
3535,5110855
3536,5183030
3537,7935727
3538,11620727
3539,5783557
3540,3801283
3541,4698797
3542,5475632
3543,5209637
3544,6764898
3545,9644051
3546,4735972
3547,17302845
3548,11586132
3549,5763738
3550,4739000
3551,2187825
3552,4910041
3553,4923049
3554,8063194
3555,8236209
3556,9188925
3557,12214239
3558,4058775
3559,8570829
3560,8565672
3561,4820514
3562,6172605
3563,5565020
3564,5435917
3565,15839336
3566,5612876
3567,5811146
3568,5782823
3569,4125893
3570,7214970
3571,5623829
3572,5100961
3573,6290386
3574,3699427
3575,4050648
3576,5118932
3577,4183112
3578,7166412
3579,5100611
3580,6632949
3581,4344010
3582,4245664
3583,5079992
3584,6065382
3585,6686555
3586,5173370
3587,9469574
3588,5209892
3589,9631372
3590,7851049
3591,8014384
3592,8981667
3593,4021545
3594,5889140
3595,5834095
3596,5772190
3597,7249184
3598,5250591
3599,4590984
3600,4838654
3601,4073449
3602,6215823
3603,8855080
3604,9966060
3605,3363424
3606,8547606
3607,5730797
3608,21831628
3609,8312421
3610,8545935
3611,8420648
3612,4724262
3613,9420152
3614,3646806
3615,5114095
3616,6916181
3617,9030155
3618,3760213
3619,5313182
3620,8865393
3621,5982313
3622,5058782
3623,13072071
3624,9242687
3625,5918832
3626,5768004
3627,25818622
3628,4985389
3629,4017635
3630,7580275
3631,5546213
3632,5746599
3633,24722399
3634,22608264
3635,6674191
3636,9494092
3637,7422412
3638,12931966
3639,12200593
3640,4474214
3641,7089992
3642,6512824
3643,4840735
3644,3221490
3645,7245368
3646,6564558
3647,4420867
3648,7333543
3649,5964394
3650,6041625
3651,4315573
3652,5499737
3653,10606402
3654,5599185
3655,11252060
3656,5789639
3657,4992093
3658,6123349
3659,14623140
3660,6210843
3661,13503964
3662,6524098
3663,5429211
3664,5726175
3665,4190575
3666,9449272
3667,10371879
3668,9081184
3669,7143716
3670,11512730
3671,6604828
3672,5860511
3673,6044917
3674,7789019
3675,11038640
3676,8686687
3677,7369554
3678,7500154
3679,9696430
3680,5087771
3681,6780236
3682,5273448
3683,4679854
3684,3615492
3685,6087013
3686,7709508
3687,6834422
3688,3293497
3689,6111745
3690,4171066
3691,6420820
3692,4478191
3693,5438292
3694,9348886
3695,5840925
3696,6384788
3697,5212865
3698,5555494
3699,5532653
3700,1917476
3701,9165145
3702,7197794
3703,6873985
3704,5672398
3705,10074812
3706,5740564
3707,3769166
3708,5074797
3709,4050171
3710,5364737
3711,8849040
3712,6211126
3713,5677390
3714,8348759
3715,5804936
3716,4407438
3717,10754047
3718,7394253
3719,5363218
3720,7930214
3721,7757013
3722,5706910
3723,6272118
3724,5475077
3725,6081820
3726,7477398
3727,4097208
3728,5020486
3729,5015609
3730,4522713
3731,6377927
3732,4485991
3733,7074767
3734,8314200
3735,4615647
3736,6206501
3737,9941734
3738,5777860
3739,8413993
3740,10618848
3741,4857452
3742,5032567
3743,5014030
3744,5782605
3745,6258584
3746,14349196
3747,3343211
3748,6053359
3749,4425546
3750,4651576
3751,6645816
3752,4426423
3753,5376957
3754,5489680
3755,11595539
3756,4889753
3757,6635781
3758,6195086
3759,3756046
3760,7568994
3761,7282738
3762,3726483
3763,5784866
3764,3818332
3765,5568146
3766,6759808
3767,12132116
3768,8190595
3769,5968030
3770,8511508
3771,13739042
3772,5620869
3773,12991399
3774,6878909
3775,30398744
3776,2621114
3777,6749174
3778,7052993
3779,6596499
3780,29937225
3781,4058890
3782,4892288
3783,5797642
3784,8560881
3785,3225127
3786,7874850
3787,4535693
3788,7557960
3789,13178110
3790,4559939
3791,6401926
3792,7835783
3793,4288008
3794,7469227
3795,5468603
3796,2168805
3797,4953306
3798,5622351
3799,13996113
3800,5695417
3801,6546741
3802,6888158
3803,6068534
3804,5805697
3805,15065999
3806,14030252
3807,5435376
3808,3102045
3809,8424318
3810,7490131
3811,4389248
3812,5056602
3813,4840901
3814,5327498
3815,2282305
3816,5344481
3817,4621171
3818,9305951
3819,4438801
3820,4970934
3821,3570887
3822,6135588
3823,5602745
3824,8736438
3825,5007907
3826,5689302
3827,8673098
3828,4046320
3829,6660025
3830,5369524
3831,7439378
3832,4665300
3833,8006062
3834,5904839
3835,11996796
3836,5610982
3837,23175421
3838,5119143
3839,8942704
3840,7698294
3841,5316847
3842,5903245
3843,6038830
3844,20929199
3845,6552282
3846,8570565
3847,4822326
3848,14201008
3849,3219874
3850,6052756
3851,5837542
3852,5807865
3853,4806219
3854,4530876
3855,6556397
3856,16974236
3857,5440968
3858,4906717
3859,5440235
3860,5924203
3861,5842064
3862,7765442
3863,4900720
3864,7235911
3865,19401122
3866,8067180
3867,10158449
3868,5427141
3869,10120708
3870,5898368
3871,3320691
3872,9819050
3873,11030325
3874,5671701
3875,3147775
3876,8276164
3877,4429607
3878,4143594
3879,12694252
3880,5563185
3881,6068415
3882,14804822
3883,6681010
3884,5637187
3885,4572927
3886,5068589
3887,5067038
3888,4138842
3889,7627909
3890,5071495
3891,7782970
3892,5794239
3893,5449278
3894,4528975
3895,10108867
3896,5007500
3897,9027390
3898,9134750
3899,4143151
3900,4646109
3901,10171847
3902,10318618
3903,6231062
3904,3758564
3905,4005460
3906,5641509
3907,8009769
3908,6606664
3909,5390888
3910,4912388
3911,7080552
3912,6213007
3913,5040401
3914,8954001
3915,4159546
3916,4548541
3917,5459597
3918,4985121
3919,4622247
3920,5140348
3921,6111685
3922,5239888
3923,6146084
3924,2100828
3925,9719276
3926,2428975
3927,5351801
3928,6095727
3929,6133613
3930,7962495
3931,4386176
3932,25532170
3933,14526931
3934,8211018
3935,5093266
3936,10134166
3937,4438069
3938,8936853
3939,6110447
3940,8270359
3941,5990418
3942,5094933
3943,5733645
3944,3281628
3945,6335946
3946,6551069
3947,5272108
3948,7466413
3949,3351524
3950,5151364
3951,5010586
3952,4015978
3953,4597584
3954,3424934
3955,6653839
3956,5242205
3957,4703602
3958,14403252
3959,5107596
3960,1939066
3961,15305559
3962,4420025
3963,7571260
3964,7353638
3965,3588238
3966,4987720
3967,5244900
3968,5810613
3969,6641909
3970,11268053
3971,6009102
3972,5254156
3973,16808815
3974,18872553
3975,3755368
3976,4904715
3977,3560875
3978,11890927
3979,8200515
3980,7252967
3981,8107782
3982,9904477
3983,26950021
3984,7986400
3985,4928724
3986,3820679
3987,6706324
3988,6441846
3989,3709960
3990,6333400
3991,3430629
3992,6686831
3993,6451593
3994,5879479
3995,7013964
3996,7309521
3997,6670668
3998,5609655
3999,5921183
4000,6095240
4001,4657568
4002,5967151
4003,4107092
4004,10548261
4005,4826419
4006,16770535
4007,6346360
4008,6629489
4009,5331672
4010,13273703
4011,5397245
4012,5176503
4013,5720805
4014,5038648
4015,8182997
4016,4929769
4017,16090362
4018,6589456
4019,4915460
4020,7304285
4021,10788992
4022,7915347
4023,5992323
4024,8445516
4025,5071459
4026,6861716
4027,40959319
4028,6921940
4029,5507273
4030,6378472
4031,6360077
4032,6069477
4033,4449431
4034,3933115
4035,8043107
4036,5293775
4037,5305323
4038,4963011
4039,8647418
4040,5980333
4041,22913329
4042,7058237
4043,5855251
4044,4044962
4045,9643767
4046,3879532
4047,6190704
4048,7556150
4049,6253997
4050,4019618
4051,7271844
4052,4063516
4053,7110886
4054,5572122
4055,5626927
4056,5874591
4057,5663449
4058,5172578
4059,5062510
4060,8520195
4061,5627831
4062,9819479
4063,8945862
4064,4891698
4065,4998343
4066,5208521
4067,6359978
4068,8012552
4069,5828644
4070,4298207
4071,5342806
4072,7268726
4073,13290351
4074,5130199
4075,6910935
4076,25040083
4077,21592584
4078,10467868
4079,5132204
4080,6260765
4081,8326779
4082,7726856
4083,7008817
4084,8757207
4085,5246665
4086,5705626
4087,8231367
4088,5921123
4089,3771100
4090,8617666
4091,6030754
4092,3411902
4093,10822048
4094,7582402
4095,4975075
4096,4877773
4097,6404236
4098,14349178
4099,7364325
4100,7172921
4101,13370603
4102,6502406
4103,6099448
4104,10906719
4105,6607984
4106,5627482
4107,20423319
4108,10042857
4109,14183277
4110,7536959
4111,3001989
4112,5086668
4113,6502838
4114,6342106
4115,16574357
4116,3987074
4117,6793071
4118,5514636
4119,6306390
4120,7304866
4121,4624141
4122,7088100
4123,4712824
4124,4842854
4125,8200594
4126,8813501
4127,4403746
4128,7342819
4129,8586427
4130,10215989
4131,22890345
4132,8902164
4133,6431198
4134,4501379
4135,6877530
4136,6336077
4137,8308589
4138,3293063
4139,5139282
4140,12941201
4141,7598468
4142,3375632
4143,7313236
4144,7795430
4145,5379248
4146,5534962
4147,4180361
4148,6533207
4149,4744344
4150,6391952
4151,5869856
4152,15350476
4153,5022442
4154,3992621
4155,4332621
4156,5060935
4157,7100767
4158,3217352
4159,9688189
4160,6853653
4161,7420234
4162,4818842
4163,4987761
4164,6410504
4165,17147164
4166,10979036
4167,5888183
4168,5421502
4169,7097305
4170,6719416
4171,6971778
4172,7362305
4173,3237216
4174,6243263
4175,5268637
4176,3422015
4177,7613703
4178,6258346
4179,7251895
4180,6891646
4181,6334132
4182,4662368
4183,25776884
4184,6736175
4185,10839903
4186,9162326
4187,5004685
4188,3649726
4189,3520803
4190,8739331
4191,6271000
4192,5414967
4193,4711456
4194,4748680
4195,4878980
4196,4342782
4197,4177979
4198,5286598
4199,16331426
4200,6258527
4201,12507089
4202,5011377
4203,14264777
4204,3289746
4205,5005142
4206,4863622
4207,5453007
4208,5019062
4209,1953254
4210,6550122
4211,4997292
4212,15338463
4213,7815094
4214,6087267
4215,3580549
4216,8139680
4217,3712774
4218,4787898
4219,9644928
4220,4091061
4221,19531725
4222,10121219
4223,13677997
4224,5877808
4225,7421169
4226,9653951
4227,5444622
4228,5759546
4229,2248385
4230,7924291
4231,8335176
4232,5127708
4233,3516729
4234,10555013
4235,10731751
4236,10641070
4237,5124687
4238,12636119
4239,7816148
4240,5682339
4241,5985687
4242,7799017
4243,6221537
4244,5012873
4245,4082538
4246,8881188
4247,6723666
4248,4751619
4249,4537274
4250,7877269
4251,8697592
4252,4878330
4253,4894392
4254,5985452
4255,5117537
4256,7024744
4257,5979945
4258,5052385
4259,6036839
4260,5548449
4261,3395419
4262,10714467
4263,5250516
4264,4695374
4265,8366310
4266,4844506
4267,8315595
4268,12792520
4269,4986629
4270,3817396
4271,4526976
4272,6117640
4273,4302197
4274,4429395
4275,6599165
4276,24918567
4277,3897349
4278,6446817
4279,4995097
4280,5704932
4281,15555360
4282,4381631
4283,10438823
4284,12170338
4285,5625844
4286,7152264
4287,6813207
4288,5742819
4289,5533282
4290,4727185
4291,5578783
4292,4255354
4293,9697905
4294,6874759
4295,4891881
4296,5475776
4297,6068918
4298,7172137
4299,10708077
4300,5224436
4301,6053754
4302,7663321
4303,5645793
4304,6989548
4305,14254207
4306,5741192
4307,2391485
4308,8075800
4309,11140986
4310,9059364
4311,9105878
4312,7745936
4313,5378572
4314,6472299
4315,3913232
4316,10448733
4317,15808113
4318,6934300
4319,9341236
4320,6515085
4321,4078699
4322,6096997
4323,13980547
4324,4740853
4325,6478705
4326,11455115
4327,7640688
4328,3815382
4329,4297957
4330,40678254
4331,5224797
4332,3373507
4333,32674844
4334,3692962
4335,5859488
4336,9687024
4337,7782890
4338,7926188
4339,6689711
4340,4844408
4341,8154903
4342,6307890
4343,3283869
4344,6266476
4345,5275906
4346,9414656
4347,5509554
4348,2890972
4349,3435430
4350,5402404
4351,7923670
4352,26012511
4353,7813099
4354,7072525
4355,4105883
4356,11660844
4357,7510603
4358,4817535
4359,6546002
4360,7046673
4361,8042088
4362,4560251
4363,7259034
4364,8165628
4365,6600335
4366,4097089
4367,6670780
4368,10503832
4369,4982356
4370,4036721
4371,4608195
4372,5059010
4373,6335985
4374,67934329
4375,3918114
4376,7291919
4377,4151956
4378,7219199
4379,5975532
4380,4181590
4381,2232191
4382,5567487
4383,3516329
4384,5981508
4385,8999166
4386,4701225
4387,6442982
4388,4185991
4389,8217108
4390,4836864
4391,9055407
4392,6403658
4393,9528893
4394,5444711
4395,6667917
4396,2271206
4397,5846833
4398,7295434
4399,10303551
4400,5230058
4401,4774668
4402,4710626
4403,7416298
4404,9338544
4405,8741792
4406,4289139
4407,3749414
4408,5031767
4409,8620994
4410,4590823
4411,9097939
4412,6113717
4413,5114583
4414,10055872
4415,8093310
4416,10041854
4417,7892291
4418,7625772
4419,5713799
4420,5868097
4421,6403138
4422,6316910
4423,6504375
4424,10354312
4425,6993751
4426,4992509
4427,6747872
4428,6800840
4429,6386847
4430,18337753
4431,10944289
4432,4805350
4433,9465114
4434,6108697
4435,7224448
4436,29683769
4437,5969986
4438,9790997
4439,6477361
4440,5921846
4441,6832142
4442,13951866
4443,4557061
4444,13069920
4445,6781600
4446,5386702
4447,3937020
4448,5342031
4449,14401721
4450,6809346
4451,7223769
4452,8851823
4453,8611380
4454,5730886
4455,7674615
4456,4612864
4457,4744165
4458,6247260
4459,4731174
4460,5941877
4461,3579715
4462,8909319
4463,5805492
4464,9246227
4465,8251644
4466,4985527
4467,6719884
4468,8583446
4469,8279197
4470,7595207
4471,5530385
4472,6376442
4473,15553470
4474,6010447
4475,6501807
4476,3477171
4477,4605100
4478,15110694
4479,6559287
4480,7808381
4481,12121373
4482,3879595
4483,7129394
4484,5653110
4485,5331576
4486,4688613
4487,6447470
4488,2516381
4489,5095414
4490,6041806
4491,4512764
4492,6549199
4493,6634598
4494,5944621
4495,4356776
4496,3374690
4497,5794112
4498,5500618
4499,5651073
4500,6420791
4501,4557611
4502,3900649
4503,12106604
4504,6941511
4505,5411815
4506,4721847
4507,3514084
4508,2989915
4509,7145020
4510,6399720
4511,4990027
4512,5620388
4513,10920613
4514,11373207
4515,6875831
4516,24050682
4517,2725515
4518,4935100
4519,15121305
4520,3566079
4521,5828866
4522,6104894
4523,10661444
4524,5668507
4525,7604157
4526,6579121
4527,11112441
4528,5622450
4529,7469728
4530,4460767
4531,7059848
4532,7682032
4533,7590665
4534,4977010
4535,6506757
4536,5548172
4537,5972837
4538,4916641
4539,7027824
4540,10504817
4541,4670546
4542,10686882
4543,6510672
4544,5458030
4545,5647259
4546,5596802
4547,6656963
4548,5142616
4549,7365792
4550,5187648
4551,3991327
4552,7611267
4553,5714738
4554,5573747
4555,5455537
4556,7757863
4557,9871125
4558,6831142
4559,4191447
4560,7642929
4561,12079641
4562,5959820
4563,7129322
4564,6461651
4565,9687764
4566,4749512
4567,12635328
4568,32392908
4569,4039506
4570,9125842
4571,6657883
4572,9256015
4573,7916535
4574,11683207
4575,5086002
4576,8067394
4577,5213998
4578,5916573
4579,10162473
4580,4614389
4581,5851552
4582,5815791
4583,4426085
4584,4469277
4585,13505832
4586,8826324
4587,7102925
4588,4168826
4589,8880365
4590,6144181
4591,4845589
4592,9405741
4593,5363640
4594,7062409
4595,3567466
4596,3802187
4597,6580474
4598,8310190
4599,4967197
4600,6222352
4601,3885936
4602,8722963
4603,6948186
4604,4653409
4605,7129023
4606,5990644
4607,3106732
4608,2156665
4609,7250660
4610,7085931
4611,6827590
4612,5958720
4613,6162961
4614,8503502
4615,7174357
4616,4092115
4617,5447216
4618,5554672
4619,7085492
4620,5665148
4621,7385526
4622,4613695
4623,9060372
4624,7097655
4625,5864072
4626,21927691
4627,6967557
4628,5962055
4629,3738544
4630,10213209
4631,6207255
4632,6486245
4633,10508724
4634,6960756
4635,5300949
4636,21780873
4637,3496433
4638,4942112
4639,13929069
4640,5871924
4641,5326913
4642,4488053
4643,4406866
4644,12354879
4645,9287041
4646,4027742
4647,6945909
4648,3440390
4649,5604782
4650,5574483
4651,5150782
4652,5325705
4653,5533468
4654,6196171
4655,6540008
4656,40806945
4657,2759263
4658,3931845
4659,9349418
4660,5805234
4661,9428030
4662,11922725
4663,14899424
4664,4500265
4665,11155107
4666,4639709
4667,6713326
4668,3814511
4669,10889141
4670,6855637
4671,11896148
4672,5064966
4673,6756845
4674,3586538
4675,6920619
4676,8702468
4677,4833526
4678,5876399
4679,9911671
4680,6287145
4681,10448359
4682,6793661
4683,4241967
4684,6568422
4685,4914491
4686,7605973
4687,5338206
4688,5927690
4689,4629149
4690,6704018
4691,7491302
4692,4608724
4693,14266822
4694,9542234
4695,6085441
4696,6376196
4697,4466153
4698,5733711
4699,5444736
4700,4769456
4701,3049078
4702,4629953
4703,4614429
4704,8698315
4705,6343878
4706,7022588
4707,4302500
4708,8122425
4709,7011439
4710,3565311
4711,4334164
4712,3732588
4713,5731013
4714,5755418
4715,5727273
4716,6870167
4717,5283740
4718,7783128
4719,7964219
4720,10181978
4721,6465196
4722,4208360
4723,18557848
4724,5175059
4725,4367001
4726,4516113
4727,6092380
4728,5951233
4729,13309880
4730,4106686
4731,6670180
4732,22664259
4733,3400193
4734,4952829
4735,10457761
4736,6887717
4737,10343429
4738,6147879
4739,6829895
4740,5861404
4741,5591501
4742,5550252
4743,6935751
4744,6107125
4745,7337256
4746,14727502
4747,6728006
4748,4487027
4749,5119842
4750,6344105
4751,3397209
4752,6140791
4753,6151806
4754,5150575
4755,4754285
4756,7470152
4757,6490320
4758,11990514
4759,4228408
4760,6135843
4761,5898960
4762,6316016
4763,10301201
4764,6826727
4765,6899500
4766,7125015
4767,4238758
4768,7443191
4769,4130195
4770,6661796
4771,10971670
4772,5362608
4773,8224815
4774,6255942
4775,5439546
4776,3712403
4777,4460773
4778,11443766
4779,8840710
4780,31008095
4781,4989369
4782,7167964
4783,6870175
4784,4844757
4785,9923331
4786,5248902
4787,5981399
4788,6850548
4789,5015901
4790,9268925
4791,5234976
4792,7438143
4793,5498374
4794,3742020
4795,6058781
4796,5625648
4797,3981189
4798,5004606
4799,5403022
4800,3891663
4801,5480117
4802,6268639
4803,4106916
4804,5613510
4805,4260081
4806,13890138
4807,8370512
4808,6882825
4809,5059533
4810,15056029
4811,7369336
4812,4072832
4813,7787927
4814,9678070
4815,10260208
4816,7325229
4817,5366679
4818,6338237
4819,5760327
4820,5065270
4821,10514472
4822,7069378
4823,6024192
4824,10736438
4825,7154519
4826,5007061
4827,8599304
4828,4311228
4829,4683735
4830,6875857
4831,6230762
4832,6278566
4833,4213212
4834,6366520
4835,3009437
4836,8530905
4837,5631185
4838,4836433
4839,4097214
4840,3767960
4841,5612093
4842,5491425
4843,5660778
4844,6095104
4845,2352051
4846,15584541
4847,20797807
4848,5389269
4849,6933695
4850,3797535
4851,6517122
4852,6247528
4853,4267465
4854,11204370
4855,7009895
4856,12975991
4857,7488668
4858,6332067
4859,4053861
4860,3261886
4861,23808468
4862,10207072
4863,9581244
4864,4199925
4865,6457541
4866,4828625
4867,10689223
4868,5718688
4869,4775992
4870,7619512
4871,4081753
4872,7403127
4873,9965582
4874,7263686
4875,3089755
4876,7944005
4877,20411362
4878,4455040
4879,6980300
4880,5209862
4881,4018111
4882,6323430
4883,5900521
4884,5854999
4885,4650957
4886,8158058
4887,8424936
4888,9180664
4889,8725931
4890,6962182
4891,7783566
4892,7251095
4893,4237377
4894,9588358
4895,6442558
4896,4255208
4897,6754645
4898,17353183
4899,10439834
4900,8818430
4901,5682079
4902,5446017
4903,4169026
4904,9602748
4905,5099490
4906,5407737
4907,4673575
4908,5515112
4909,6855422
4910,6560513
4911,5700207
4912,5381625
4913,10133949
4914,8547489
4915,5905768
4916,5093802
4917,12304033
4918,3205258
4919,7294784
4920,7937853
4921,3758196
4922,5025062
4923,11565129
4924,7125439
4925,4234258
4926,4281540
4927,7083416
4928,5531434
4929,4772703
4930,5283454
4931,7519633
4932,11808486
4933,5340272
4934,3888394
4935,4933684
4936,5947128
4937,5563889
4938,4570459
4939,3889967
4940,7442393
4941,6332621
4942,3778957
4943,8481339
4944,5978478
4945,11278872
4946,3798933
4947,6205984
4948,7418451
4949,4384539
4950,4740009
4951,4453015
4952,5557221
4953,8831988
4954,4113254
4955,8750631
4956,8419068
4957,5401348
4958,9525942
4959,5150169
4960,3135744
4961,4937923
4962,8905066
4963,5087315
4964,4235123
4965,2624406
4966,3987023
4967,5530719
4968,6489501
4969,3655173
4970,7608685
4971,6734527
4972,4770018
4973,5981790
4974,5570733
4975,9190588
4976,7077299
4977,5435864
4978,8017943
4979,5768885
4980,5696493
4981,4580520
4982,4970222
4983,5516339
4984,4641802
4985,10255205
4986,5680175
4987,6638709
4988,9749267
4989,7552516
4990,9925339
4991,11362870
4992,4353867
4993,8227066
4994,11409292
4995,6261232
4996,3594791
4997,8347441
4998,5497818
4999,6859161
5000,6972928
5001,4259576
5002,4015813
5003,20047335
5004,6500855
5005,5856574
5006,8228182
5007,8425356
5008,7114829
5009,5279063
5010,5475387
5011,13988093
5012,4927292
5013,4280278
5014,5092734
5015,6687845
5016,6386289
5017,6866561
5018,17202230
5019,5463331
5020,2806329
5021,6487282
5022,5929049
5023,9482773
5024,4918626
5025,12075947
5026,4041900
5027,10287017
5028,5181704
5029,4808999
5030,6777925
5031,5088106
5032,5710286
5033,5373338
5034,7702963
5035,18427995
5036,4635897
5037,6980696
5038,5037584
5039,5438405
5040,6803648
5041,5856231
5042,5562222
5043,7637833
5044,5144361
5045,9581990
5046,5583895
5047,7039350
5048,6585588
5049,13045943
5050,10422253
5051,5942476
5052,3909603
5053,6339298
5054,6763059
5055,4093110
5056,5138983
5057,6189913
5058,9991207
5059,11238156
5060,5790639
5061,5982055
5062,6901386
5063,4737541
5064,5716195
5065,6330575
5066,5027104
5067,3403012
5068,5378369
5069,5485641
5070,5585816
5071,6407580
5072,8491410
5073,5076086
5074,8247336
5075,7934714
5076,4121478
5077,3583301
5078,8965901
5079,8643460
5080,4150416
5081,17734673
5082,4748940
5083,8584827
5084,12924060
5085,7324940
5086,8663564
5087,4724731
5088,10406007
5089,6543365
5090,2357742
5091,5635570
5092,5350318
5093,5375656
5094,5133771
5095,11216337
5096,2720197
5097,7253522
5098,16166207
5099,4853202
5100,5153797
5101,4678687
5102,3396558
5103,4346368
5104,9776106
5105,8365115
5106,6984154
5107,11722103
5108,5967901
5109,5409825
5110,3752259
5111,5822383
5112,28546647
5113,8479296
5114,6721661
5115,4115460
5116,7067046
5117,7977447
5118,6663170
5119,6848099
5120,10241194
5121,3750565
5122,7538706
5123,4348813
5124,6789649
5125,16443525
5126,5847740
5127,5989926
5128,5162281
5129,8799195
5130,4952527
5131,4833788
5132,11674864
5133,6184500
5134,3365267
5135,4257165
5136,14885765
5137,6095705
5138,14413041
5139,8631566
5140,5885982
5141,6699025
5142,5124172
5143,4295675
5144,3109142
5145,4025283
5146,5675747
5147,6987066
5148,4850945
5149,6380194
5150,6876031
5151,5522641
5152,3106644
5153,8857425
5154,5364213
5155,7947920
5156,8285188
5157,2077965
5158,4646258
5159,4763980
5160,2809937
5161,6773133
5162,6044654
5163,5297736
5164,6471642
5165,4629560
5166,6310186
5167,6534575
5168,6309374
5169,4153551
5170,5147396
5171,6951434
5172,3503163
5173,6364971
5174,7709816
5175,9990640
5176,6937125
5177,7900383
5178,4960610
5179,5651216
5180,3398146
5181,3035313
5182,3942428
5183,5830360
5184,14274660
5185,21675356
5186,4014958
5187,6574572
5188,3671617
5189,5389003
5190,4428238
5191,8470984
5192,3371810
5193,16185218
5194,10131825
5195,5000191
5196,2909718
5197,7827800
5198,7131985
5199,8931188
5200,4143005
5201,8087329
5202,9142002
5203,5228628
5204,4792478
5205,9263234
5206,4244415
5207,5592951
5208,7719550
5209,3028826
5210,5038529
5211,6670727
5212,3608875
5213,4341803
5214,8890073
5215,4579232
5216,5586407
5217,6335009
5218,5198799
5219,5309671
5220,5814959
5221,8451813
5222,13225981
5223,4012054
5224,4961669
5225,6248652
5226,6588371
5227,10412414
5228,8659355
5229,5918830
5230,7706635
5231,5853828
5232,6233130
5233,5903297
5234,4041080
5235,5186081
5236,4463464
5237,5865565
5238,5202539
5239,4064270
5240,4462338
5241,7812159
5242,11218509
5243,8720816
5244,4001196
5245,3245843
5246,8926990
5247,6451241
5248,5015159
5249,5263678
5250,3871313
5251,8834597
5252,7425144
5253,6350147
5254,5289517
5255,4539073
5256,8378196
5257,7662419
5258,4493741
5259,5415605
5260,11788416
5261,6213208
5262,9582200
5263,6373194
5264,5902253
5265,5710245
5266,10227533
5267,12513389
5268,3582438
5269,5894218
5270,11886219
5271,2751170
5272,6564842
5273,8017952
5274,8070501
5275,4829264
5276,4450310
5277,3324346
5278,1990860
5279,5400698
5280,10012256
5281,6766784
5282,7092053
5283,4906711
5284,5300830
5285,4413452
5286,5358981
5287,6494179
5288,8025736
5289,5280636
5290,5524532
5291,4290693
5292,8337699
5293,5026289
5294,6936857
5295,5317421
5296,4068300
5297,5220374
5298,9889874
5299,5548390
5300,7675229
5301,5755943
5302,8006128
5303,4230132
5304,6764581
5305,5107972
5306,9273718
5307,5984971
5308,10887966
5309,7091787
5310,17393071
5311,8579950
5312,7544611
5313,5930982
5314,4126346
5315,5773396
5316,9017680
5317,4323919
5318,8456648
5319,5682211
5320,5200218
5321,5818935
5322,8137313
5323,6550911
5324,6266645
5325,16149959
5326,10898803
5327,34263973
5328,6928559
5329,5447824
5330,4984574
5331,5088186
5332,4896431
5333,9409043
5334,4141177
5335,8203911
5336,4879623
5337,9248943
5338,4805384
5339,9654254
5340,4570934
5341,10059935
5342,5148290
5343,7377115
5344,5946675
5345,4985030
5346,6584558
5347,18068762
5348,5494254
5349,7328386
5350,9050096
5351,3132065
5352,5676022
5353,4500124
5354,13036834
5355,9232424
5356,4517654
5357,7385944
5358,9238454
5359,6473860
5360,4289550
5361,6351264
5362,6743899
5363,6711735
5364,6408216
5365,5367738
5366,7182061
5367,3769394
5368,5597853
5369,5514826
5370,7216037
5371,7370400
5372,5462703
5373,6320849
5374,4282598
5375,3382842
5376,6074744
5377,13127324
5378,3475912
5379,6320248
5380,7101848
5381,7776846
5382,8043566
5383,7490209
5384,5829006
5385,5669142
5386,4706367
5387,9736499
5388,19974545
5389,5997636
5390,5331700
5391,10499651
5392,7053362
5393,6174975
5394,18291564
5395,5348858
5396,5808545
5397,5419628
5398,5947809
5399,4200346
5400,11563512
5401,7774930
5402,4155309
5403,7341376
5404,5970646
5405,6488842
5406,7113951
5407,2543957
5408,6956114
5409,5838783
5410,5345706
5411,5006104
5412,5765909
5413,6783581
5414,8714890
5415,8720189
5416,11222372
5417,6205448
5418,8289629
5419,17255432
5420,5362227
5421,19298137
5422,8342859
5423,5645655
5424,10744076
5425,7510443
5426,4712731
5427,6262591
5428,8766569
5429,9973270
5430,9148247
5431,3898708
5432,5255140
5433,7039584
5434,2719078
5435,24593309
5436,4063843
5437,6702328
5438,6258900
5439,5099657
5440,5788874
5441,8672709
5442,6380507
5443,10015687
5444,7143762
5445,2246688
5446,4937569
5447,5191699
5448,24805261
5449,5411573
5450,9009049
5451,9294235
5452,5652314
5453,9369990
5454,6165520
5455,12758237
5456,7207706
5457,8965826
5458,6811564
5459,10210492
5460,4388375
5461,8927110
5462,6666962
5463,4576904
5464,3598045
5465,7281794
5466,7919674
5467,6240456
5468,5781898
5469,9077759
5470,7852256
5471,5502093
5472,3748544
5473,11939462
5474,5595797
5475,5343559
5476,11626935
5477,7431505
5478,6321490
5479,7749942
5480,6031883
5481,4065984
5482,6191826
5483,3925068
5484,4663195
5485,4959083
5486,3386875
5487,9071041
5488,4640466
5489,6985916
5490,5470051
5491,25252019
5492,6166937
5493,18085378
5494,5323437
5495,5342511
5496,9762921
5497,7903724
5498,4760006
5499,7247570
5500,13912281
5501,4503019
5502,7022586
5503,5606653
5504,4236340
5505,11274693
5506,7588139
5507,11880550
5508,36266580
5509,5160236
5510,8782095
5511,6400539
5512,4211633
5513,9866418
5514,7575332
5515,5558144
5516,4504454
5517,4228751
5518,6405012
5519,3798197
5520,4971834
5521,9562974
5522,7165512
5523,5202902
5524,8665994
5525,5293532
5526,5493759
5527,7555946
5528,8082394
5529,6752612
5530,4186177
5531,5909134
5532,4957784
5533,9470175
5534,7351189
5535,5851551
5536,9044331
5537,7124129
5538,16750303
5539,4200545
5540,8958799
5541,3964558
5542,7387524
5543,6026410
5544,5526967
5545,6806890
5546,3939270
5547,4730281
5548,4681076
5549,4072638
5550,2692213
5551,4560415
5552,6775106
5553,5978459
5554,7141674
5555,4918944
5556,18446073
5557,9372886
5558,8216786
5559,7757708
5560,8482490
5561,3200465
5562,7182342
5563,6386817
5564,4179035
5565,5621661
5566,7601825
5567,4487316
5568,3899925
5569,8072237
5570,5841055
5571,12525861
5572,7820435
5573,8371184
5574,5652396
5575,11138655
5576,7296794
5577,5634074
5578,4600613
5579,7774014
5580,8182782
5581,4851599
5582,4595597
5583,7099327
5584,4928527
5585,4335441
5586,6477746
5587,6768416
5588,5849004
5589,3650154
5590,5189977
5591,7347919
5592,4770874
5593,6000980
5594,7194500
5595,9223956
5596,7195023
5597,6235270
5598,6994018
5599,6395489
5600,11741652
5601,5527833
5602,8527378
5603,9536446
5604,5498936
5605,7408709
5606,9703830
5607,6627508
5608,4056273
5609,6298332
5610,33679760
5611,5534688
5612,5514803
5613,7324749
5614,4754580
5615,6273758
5616,7477085
5617,5003575
5618,6642712
5619,5345769
5620,5065940
5621,5586713
5622,2836030
5623,4717093
5624,9415788
5625,8362308
5626,4200089
5627,5724482
5628,4668969
5629,10186437
5630,6058520
5631,3457333
5632,6431058
5633,6657679
5634,7994707
5635,1987407
5636,3981161
5637,2713042
5638,6544557
5639,3338027
5640,17638891
5641,11476721
5642,7592709
5643,5144528
5644,10638616
5645,6352966
5646,9122730
5647,4507740
5648,5548270
5649,5069829
5650,3973238
5651,9779604
5652,5704953
5653,5264838
5654,9464160
5655,7083760
5656,6565350
5657,7596791
5658,5750742
5659,4915350
5660,3750697
5661,4824265
5662,4258678
5663,5233537
5664,9458552
5665,7886878
5666,6914275
5667,7971180
5668,4770584
5669,6633451
5670,8746098
5671,8355100
5672,4382996
5673,4550073
5674,5719162
5675,7611628
5676,6628304
5677,6268649
5678,11627085
5679,6640910
5680,10978702
5681,6047058
5682,6260153
5683,5416649
5684,4889901
5685,14813195
5686,10665699
5687,9079994
5688,8344001
5689,4588879
5690,6080982
5691,6515778
5692,3484864
5693,6312214
5694,16837119
5695,3739677
5696,5540868
5697,7973507
5698,7764945
5699,9359743
5700,4595617
5701,6228237
5702,3244355
5703,7038582
5704,7204331
5705,5914180
5706,26603685
5707,6570123
5708,7473808
5709,4009865
5710,13023795
5711,6109947
5712,8963827
5713,7351098
5714,10760412
5715,4624016
5716,5763926
5717,5867391
5718,4125363
5719,8337065
5720,5412219
5721,5782973
5722,5652261
5723,11793911
5724,5170579
5725,1721265
5726,5714702
5727,4784616
5728,3924622
5729,6107087
5730,7272110
5731,11878887
5732,4254418
5733,14290736
5734,6047031
5735,8061942
5736,3781299
5737,10636201
5738,5828901
5739,6941749
5740,10439737
5741,6739691
5742,12165754
5743,8696671
5744,5060124
5745,8438277
5746,6250412
5747,10503915
5748,4926392
5749,7134650
5750,4992076
5751,6725014
5752,6558284
5753,7501137
5754,7849351
5755,5448436
5756,5750277
5757,6168922
5758,3780801
5759,4874558
5760,7487008
5761,6065098
5762,5002711
5763,7731665
5764,6054497
5765,7505561
5766,11152176
5767,9749394
5768,6812386
5769,6627222
5770,8871875
5771,6843047
5772,6715606
5773,3934156
5774,4826777
5775,5558851
5776,4785611
5777,5612782
5778,31883506
5779,10551313
5780,6370994
5781,14029557
5782,13000828
5783,2954477
5784,12618671
5785,6336971
5786,5343895
5787,5757305
5788,9072473
5789,5955653
5790,9911716
5791,15479568
5792,4097775
5793,5875907
5794,6185548
5795,4061933
5796,6624338
5797,4041556
5798,9079472
5799,7182563
5800,16417102
5801,2421608
5802,4370659
5803,6525490
5804,5138988
5805,8090262
5806,1896120
5807,7162283
5808,4521931
5809,12074706
5810,3297530
5811,5943995
5812,14174785
5813,5222496
5814,10256439
5815,3264445
5816,5708348
5817,5697638
5818,5757418
5819,8363014
5820,6073242
5821,8315514
5822,5969045
5823,4565583
5824,4546713
5825,6362467
5826,4086322
5827,6438097
5828,13424237
5829,5301709
5830,4732740
5831,5691298
5832,12313306
5833,13175815
5834,11524613
5835,4574870
5836,9708384
5837,9435302
5838,8804770
5839,6084959
5840,18945789
5841,8313265
5842,14900684
5843,8515819
5844,6828364
5845,7788608
5846,5517007
5847,5720560
5848,7354838
5849,3174089
5850,9745039
5851,5779602
5852,6063306
5853,9725335
5854,4224164
5855,7607352
5856,8018649
5857,8815813
5858,4267564
5859,5487446
5860,5035484
5861,7173131
5862,3294205
5863,9451277
5864,8051365
5865,7038988
5866,11834193
5867,7005450
5868,6194025
5869,3716406
5870,8387742
5871,7214264
5872,8478631
5873,5235646
5874,6729949
5875,21103636
5876,3856774
5877,4951679
5878,10800278
5879,5840070
5880,8253144
5881,5583592
5882,4289136
5883,8181672
5884,9223644
5885,4900819
5886,5388534
5887,4478883
5888,5548890
5889,6661969
5890,2185277
5891,5183907
5892,8963362
5893,4339670
5894,4870140
5895,6317805
5896,5318111
5897,12851059
5898,8166182
5899,7659362
5900,3848431
5901,9187413
5902,7940674
5903,3603537
5904,6673114
5905,5610512
5906,7211590
5907,5540576
5908,19695616
5909,4809104
5910,3740190
5911,8020289
5912,18471699
5913,5564091
5914,19335355
5915,14794257
5916,3553894
5917,4091574
5918,5428438
5919,6820052
5920,3982506
5921,4491430
5922,10214030
5923,4685043
5924,4540426
5925,6702777
5926,5152238
5927,6002751
5928,10151627
5929,15246428
5930,6269124
5931,8440660
5932,6053413
5933,4433919
5934,5427406
5935,4206846
5936,3904513
5937,4847961
5938,3534438
5939,5780784
5940,7647896
5941,6610188
5942,5191232
5943,6098697
5944,5118484
5945,8852232
5946,4683648
5947,7837437
5948,6941898
5949,6374776
5950,5216767
5951,4662001
5952,7280082
5953,5057817
5954,12215564
5955,6526177
5956,8889041
5957,5955653
5958,3788176
5959,12189099
5960,6540471
5961,13360033
5962,4740294
5963,10234929
5964,10051676
5965,6176472
5966,4710276
5967,8651880
5968,12942926
5969,3672987
5970,4020007
5971,18862718
5972,7586585
5973,6477376
5974,11252207
5975,6310592
5976,7209126
5977,5383118
5978,5105885
5979,4442355
5980,10793781
5981,4165627
5982,3979016
5983,7801755
5984,7429345
5985,8646844
5986,3585027
5987,6558398
5988,3547945
5989,3552535
5990,5490486
5991,6588334
5992,6183639
5993,7553523
5994,11773853
5995,8411963
5996,4532458
5997,4867501
5998,3606094
5999,6284960
6000,4763181
6001,9312700
6002,4644708
6003,5579223
6004,6231556
6005,6838833
6006,8016285
6007,4802499
6008,5041332
6009,3524909
6010,4464832
6011,6549508
6012,13115645
6013,5411604
6014,8686455
6015,6915438
6016,5273977
6017,4592869
6018,7601497
6019,4274755
6020,5175070
6021,5291843
6022,6203051
6023,4027990
6024,11350244
6025,8492665
6026,6043356
6027,4995039
6028,10403348
6029,4699257
6030,5501026
6031,9137218
6032,8578117
6033,5574948
6034,50147446
6035,6555508
6036,3737438
6037,6530493
6038,5855318
6039,7566709
6040,5338163
6041,5385899
6042,8902414
6043,4726170
6044,7509086
6045,5713215
6046,4660704
6047,4081018
6048,8245408
6049,2592854
6050,4935222
6051,5969902
6052,9086924
6053,5144884
6054,3921795
6055,11109157
6056,8593164
6057,7744582
6058,12758683
6059,8381254
6060,15557299
6061,5301468
6062,5047432
6063,10265974
6064,4503394
6065,4612728
6066,2908961
6067,7459675
6068,5488977
6069,4898770
6070,7748984
6071,4296998
6072,3066111
6073,4093910
6074,7794920
6075,10982985
6076,3087166
6077,4154234
6078,5363434
6079,5842042
6080,7027082
6081,10650108
6082,10278400
6083,7036682
6084,5882827
6085,5533307
6086,3308405
6087,5624897
6088,6842164
6089,14912772
6090,3859797
6091,5589097
6092,6928893
6093,2974120
6094,9044140
6095,6987335
